plan_id,dem_seats,rep_seats,dem_seat_share
1,8,6,0.5714285714285714
2,8,6,0.5714285714285714
3,8,6,0.5714285714285714
4,9,5,0.6428571428571429
5,9,5,0.6428571428571429
6,9,5,0.6428571428571429
7,9,5,0.6428571428571429
8,8,6,0.5714285714285714
9,8,6,0.5714285714285714
10,8,6,0.5714285714285714
