plan_id,dem_seats,rep_seats,dem_seat_share
1,5,9,0.35714285714285715
2,5,9,0.35714285714285715
3,5,9,0.35714285714285715
4,6,8,0.42857142857142855
5,6,8,0.42857142857142855
6,6,8,0.42857142857142855
7,6,8,0.42857142857142855
8,6,8,0.42857142857142855
9,7,7,0.5
10,6,8,0.42857142857142855
